Name,Surname,Address,DoB,Phone,Email,Qualification,Type,E_ID
Matthew,David,1311 Rasmussen Crest Apt. 179 Cordovastad, MI 32290,1959-05-12,(127)970-4065x31305,perezamanda@mcintosh.org,high,Receprionist,E-383
Pamela,Lewis,40961 Tony Plains Apt. 784 South Brian, VT 30226,1986-08-18,+1-168-113-6804x30228,joseph67@gmail.com,intern,Receprionist,E-691
Nathan,Garrison,2093 Paul Pike Port Mistyburgh, NM 44968,1916-04-10,+1-809-598-5815x94634,olowery@choi.org,high,Receprionist,E-905
Michael,Johnson,6194 Bonilla Pine Apt. 736 Joycemouth, AR 59611,1929-08-26,(008)522-4206x3622,henrymaurice@fowler.com,medium,Economic Manager,E-139
Ashley,Robinson,70034 Donald Parks Port Susan, FL 34097,1915-04-23,(032)162-4237,steven96@yahoo.com,high,Receprionist,E-792
Corey,Petersen,15938 Mary Canyon Apt. 383 Yangfurt, MT 28738,1920-06-29,4518301800,sylvia87@hotmail.com,intern,Nurse,E-354
Sharon,Mest,0158 Jordan Forest Suite 546 West Meganside, VA 50900,1981-11-21,(340)864-5924x1946,zchan@hotmail.com,medium,Doctor,E-108
Lindsey,Rush,455 Martin Route Apt. 639 Roachstad, LA 96019,1965-04-15,866.422.7077x215,mathisdaniel@yahoo.com,medium,Nurse,E-934
Michael,Gomez,666 Heather Throughway North Williamville, NY 29831,1987-10-29,+1-461-206-8034x59391,monica70@obrien.net,medium,Doctor,E-527
Taylor,Snyder,31941 Jamie Locks Manningburgh, PA 86693,1994-10-06,178.302.6466x37674,martinmichelle@glenn.com,intern,Doctor,E-642
Brooke,Tucker,17291 Brady Fall Apt. 695 South Nicolestad, CT 85086,2014-10-28,(006)575-8991x25600,gregoryphilip@farley.net,intern,Receprionist,E-76
Steven,Bailey,47305 Walker Flats Apt. 924 Kirkport, RI 91750,1906-11-28,350.603.9725,selena80@hotmail.com,medium,Receprionist,E-389
Carl,Mills,195 Cochran Drives New Rachel, AR 51566,1950-02-28,001-843-523-2154x83184,chad42@kent.com,medium,Doctor,E-577
Sherry,Williams,23734 Mcdaniel Skyway Browntown, HI 12530,2007-06-21,747.292.4728x669,lucerojohn@hotmail.com,medium,Economic Manager,E-147
Christian,Banks,205 Marsh Locks Kristinberg, MT 29081,1992-08-19,(416)833-4378,harrisregina@hotmail.com,intern,Doctor,E-140
Kathryn,Manning,37177 Jennings Mountains Apt. 361 Lauraberg, MS 53466,2014-06-28,001-959-677-3901x861,jeffreycole@yahoo.com,medium,Economic Manager,E-621
Derek,Allen,405 Stephanie Road East Brandon, DC 79850,1930-09-03,8336045636,joseph02@benson-pearson.org,high,Supply Manager,E-709
Katrina,Campbell,41497 Williamson Summit Suite 449 Annashire, UT 53591,1976-06-13,038-547-3440,npowell@burnett-martin.info,intern,Nurse,E-345
Stephen,Martin,3548 Berry Squares Lake Josephport, OH 28056,1905-08-14,+1-932-387-9936,kimjonathan@vasquez.com,intern,Receprionist,E-224
Larry,Perry,4177 Burke Drive South Ruthtown, MT 49545,1976-12-06,022.864.9935,crystal56@yahoo.com,intern,Nurse,E-416
Michele,Collins,700 Matthew Unions Apt. 203 East Cassandra, NY 62910,1973-07-11,1605933869,charlesnguyen@hotmail.com,medium,Nurse,E-122
Kaitlin,Manks,434 Kayla Bypass Brendafort, KS 98013,1922-09-10,001-424-953-2945x2509,sramirez@hotmail.com,intern,Doctor,E-874
Renee,Sims,41427 Gray Isle Potterchester, ID 81035,1981-03-09,093-543-7586,vincentgraham@yahoo.com,high,Supply Manager,E-55
Lacey,Larsen,682 Michael Isle Suite 805 North Jeffrey, SD 56097,1989-01-30,+1-173-102-5744x4298,scontreras@hotmail.com,medium,Doctor,E-750
Eric,Roman,PSC 1598, Box 7461 APO AP 73799,1929-07-06,+1-876-104-2524x46657,johnschroeder@hotmail.com,medium,Nurse,E-221
Vanessa,Larks,7895 Trevor Road Suite 363 Leonardmouth, WV 68984,1995-12-23,+1-801-550-7316x7692,rachel13@hotmail.com,intern,Doctor,E-403
Rhonda,Carpenter,675 Tyler Gateway Apt. 777 Mosesside, IA 23492,2005-06-09,450-208-2403,courtneycox@stewart.biz,high,Economic Manager,E-778
Jason,Brennan,3356 Osborne Stravenue Suite 221 Cynthiaburgh, SD 12351,1938-02-06,105-300-0484x44041,williamssteven@hill-henry.biz,medium,Economic Manager,E-170
Angela,Wells,6441 Tanner Station Port Deniseside, MO 28786,1930-01-09,001-033-127-5049x79005,roger45@hotmail.com,high,Supply Manager,E-664
Linda,Rojas,Unit 4074 Box 1688 DPO AP 80216,1990-04-29,(723)399-1835x7656,qyates@gmail.com,medium,Nurse,E-160
Brianna,Hall,22113 Sarah Crossing Apt. 573 South Brandy, CO 42132,1928-11-21,613.611.2436x39527,julie71@yahoo.com,high,Nurse,E-732
Corey,Taylor,372 Mcdowell Extensions New Mariahaven, NM 97662,1982-10-13,019-398-2956,connersharon@yahoo.com,intern,Doctor,E-169
Samuel,Watts,26522 Fisher Tunnel Suite 996 Michaelshire, OH 51567,1982-05-14,(787)331-8419x5655,daniel12@gmail.com,high,Supply Manager,E-736
Jennifer,Hernandez,819 Paul Ridge Lucasstad, AK 10563,1957-09-30,130.607.6534x305,zsalazar@hotmail.com,high,Supply Manager,E-219
Theresa,Calhoun,7287 Cheryl Circles Whitefort, AK 97632,2005-10-31,(175)730-1461x9132,moranjames@garcia.biz,high,Economic Manager,E-303
Judith,Wu,7268 Joann Orchard Apt. 172 Port Anthony, IL 70293,1957-02-06,401-539-0212x95363,donaldmathews@gmail.com,high,Nurse,E-466
Ashley,Gallegos,864 Jones Vista East Johnside, AK 55668,1986-01-18,112-811-1760,stephanieoliver@gmail.com,medium,Receprionist,E-348
Tiffany,Santiago,65319 John Cape New Travis, MO 70020,1959-08-14,906-224-4873x023,colinmullins@oliver.com,intern,Economic Manager,E-30
Hannah,Larson,5060 Gibson Flat Chaseshire, IN 95439,1920-05-18,001-019-899-4239x19544,kingjacob@hotmail.com,high,Doctor,E-685
Brian,Bryant,646 Hall Trail Apt. 115 Stephanieberg, ND 83514,1910-05-05,+1-436-227-8201x15281,whatfield@gmail.com,intern,Supply Manager,E-41
Nicholas,Jimenez,1581 Michelle Row Apt. 708 South Sarahburgh, UT 92740,1949-11-13,(532)615-1308,jesushooper@yahoo.com,intern,Nurse,E-682
Timothy,Ayala,63476 Jennifer Walks Suite 498 Cunninghammouth, FL 81239,1985-05-23,483.236.5870,melissarussell@rojas.com,medium,Receprionist,E-208
William,Thomas,0759 Paul Island Lambertport, MD 56512,1918-03-13,713.634.1450x8303,thunt@lee.net,high,Nurse,E-741
James,Howard,68472 Dakota Wall Apt. 287 Lake Jillianville, WA 37348,1904-03-04,(426)178-0277,ohall@lewis.org,medium,Economic Manager,E-688
David,Long,08168 Kerri Square Apt. 869 East Joseph, FL 38102,1926-11-07,201.070.7814x39560,lauriecarroll@moody.info,high,Supply Manager,E-954
Susan,Briggs,7676 Jennifer Flats Suite 456 Lake Carlshire, NH 27143,2016-11-24,001-841-270-1938x286,michaelperkins@ross.com,high,Supply Manager,E-557
Jennifer,Gross,568 Gray Throughway East Carolyn, MO 18225,1909-11-14,857.809.7511x69309,william64@simpson.com,medium,Supply Manager,E-855
Abigail,Lewis,807 Henderson Streets Suite 062 Port Georgeborough, DC 02377,1933-06-09,+1-776-470-2354x71086,zlynch@hotmail.com,high,Nurse,E-38
Meghan,Zimmerman,4620 Johnson Stravenue Apt. 394 East Catherine, WY 25672,1905-04-18,(650)327-5660x309,angelamartin@young.com,intern,Supply Manager,E-909
Gregory,Fowler,3661 Danielle Loop Suite 776 Cassieside, OH 69189,1950-06-10,+1-855-654-1202x9455,ihall@yahoo.com,medium,Economic Manager,E-18
Brandy,Nguyen,32419 Williams Shoal Suite 336 Meyermouth, MA 13295,1937-02-22,001-443-010-6050x999,melindajacobs@hotmail.com,intern,Nurse,E-614
Rachel,Hutchinson,3465 Jones Circle Apt. 486 Sherryville, WI 79456,1980-03-12,868-253-2762,kimberly82@yahoo.com,intern,Economic Manager,E-340
Kristi,Hobbs,8824 Payne Drive Apt. 942 East Kellyborough, MT 46238,1990-12-11,058-140-1200x56065,jnguyen@hotmail.com,medium,Nurse,E-654
Elizabeth,Patel,264 Emily Ramp Williamshire, MN 71153,1996-11-02,2759441927,melissahill@hotmail.com,intern,Supply Manager,E-619
Julie,Bailey,6526 Johnson Corner North Yeseniamouth, MN 10660,2013-04-01,+1-534-177-9213x4685,michaelmunoz@hotmail.com,intern,Nurse,E-849
Scott,Hernandez,31198 Spencer View Port Nicoleton, UT 80253,2008-11-13,(537)761-5120x486,lsalinas@larsen-walton.com,intern,Receprionist,E-298
Kenneth,Rodriguez,908 Rice Curve Bryantton, IN 23101,1995-01-09,(168)820-1625x55166,posborn@morales-moore.org,high,Economic Manager,E-625
Lisa,Hebert,141 Helen Ranch Lake Betty, OR 12078,1977-07-25,+1-206-458-4178,thomasgabriel@gmail.com,high,Receprionist,E-516
Haley,Collins,5030 Villegas Rapids Stewartland, MN 32993,1999-09-11,001-097-116-3194,sheri89@salazar-reyes.com,high,Nurse,E-915
Sharon,Russell,871 Kent Land Sonyashire, NM 39496,1914-04-28,040-028-9970,michael24@gmail.com,medium,Nurse,E-255
Kimberly,Brown,134 Michael Street Stephaniemouth, NM 16041,1957-03-25,001-247-074-5755x3286,kristinasmith@yahoo.com,high,Nurse,E-417
Andrew,Jennings,30395 Wilson Port Apt. 914 Adamsmouth, CO 91069,1965-10-26,(401)945-3307,kristaburgess@cameron.biz,intern,Nurse,E-768
Carlos,Diaz,48807 Nicole Mountains Suite 462 Hillstad, TX 53852,1975-08-22,+1-123-307-5717x0941,clove@hotmail.com,medium,Receprionist,E-328
Katie,Cox,921 Daniel Vista Nealborough, NE 79886,1979-11-12,452-214-4901,joseph78@yahoo.com,high,Receprionist,E-747
Robert,Holland,276 Joshua Centers Apt. 788 Lake Jeanne, HI 27059,1957-04-05,+1-635-163-5239x435,qwoods@hotmail.com,high,Nurse,E-486
Matthew,Tucker,2426 Lane Shores Mcdonaldshire, HI 38314,2000-06-04,+1-853-035-3039x173,carlsonaustin@gmail.com,intern,Receprionist,E-115
Aaron,Hartman,403 Krause Burgs South Timothyview, KS 04760,1908-03-14,852.034.4327,asmall@hotmail.com,high,Nurse,E-27
Maxwell,Colon,62347 Blanchard Pines Suite 519 Michaelville, NV 27222,1964-05-22,(250)120-4081x29962,tammymorgan@castillo-ross.com,intern,Nurse,E-500
Melissa,Kirby,8067 Carter Path Apt. 607 North Jameston, TN 67211,1958-01-05,0668064081,williamsraymond@marshall.com,intern,Doctor,E-940
Wanda,Shields,3163 Berg Court Mckayborough, AR 31916,1987-09-14,670-611-1556x01413,farleyjamie@gmail.com,medium,Receprionist,E-728
Karen,Lowell,01035 Cantu Estate Greershire, NC 94395,2010-03-24,001-798-162-2512,ibrown@yahoo.com,high,Doctor,E-595
James,Fernandez,498 Johnson Ville Apt. 093 Port Christine, OH 16692,1927-05-18,001-566-180-7243x2525,david89@richardson-curtis.com,intern,Receprionist,E-913
Christopher,Brown,53986 Daniel Vista Apt. 346 Brownhaven, MD 61549,2013-05-24,001-383-150-0539x044,monicawilson@gmail.com,intern,Economic Manager,E-200
Mary,Hanson,6181 Jose Rue Apt. 791 Justinfurt, WV 72582,1994-09-03,(948)709-6545x6425,camachomichael@lindsey.com,medium,Nurse,E-237
Alisa,Meyer,230 Griffin Forges Suite 312 Ericmouth, WI 40538,1944-11-03,891-322-0418,davidsonlaura@morgan.biz,high,Doctor,E-686
William,Miller,305 Nicholson Path Suite 987 Powellview, SC 23488,1905-12-15,070-183-3764,kaylamcdaniel@yahoo.com,medium,Nurse,E-912
Veronica,Sanchez,533 Oconnor Junction Roachfurt, MN 56050,1986-05-25,6804231782,tranmichael@gmail.com,high,Doctor,E-380
Christopher,Avery,94769 Miller Mountain Apt. 970 Port Karen, NC 96027,1974-05-13,+1-138-750-9507x977,kmacdonald@nelson-hall.info,high,Nurse,E-248
Mason,Johnson,565 Chad Squares Suite 770 Montgomeryshire, TN 70762,1925-07-28,664-504-2616,ihardin@gmail.com,high,Doctor,E-97
Patricia,Acevedo,137 Veronica Neck Port Michael, TX 57079,1997-10-21,+1-645-662-3749x052,lholden@frost.net,high,Nurse,E-175
Brittany,Mcbride,4370 Lisa Crest Apt. 510 New Anthony, CA 84509,1913-03-31,262-112-9274x74358,harry54@hill.com,intern,Doctor,E-678
Jill,Davis,PSC 3733, Box 4789 APO AA 88008,2008-04-23,001-025-335-8763x8120,millerangela@gmail.com,high,Economic Manager,E-373
Erin,Caldwell,USNV Smith FPO AE 81661,1983-05-22,397-642-6015x85870,stewartandrew@yahoo.com,high,Economic Manager,E-13
Christina,Wilson,8897 Hardy Fort Apt. 712 Sarahville, DC 05478,2010-06-17,(535)318-0229x79557,tyler92@jackson.com,medium,Receprionist,E-33
Felicia,Lvova,7713 Black Crossing Thomasville, IL 09066,1937-09-03,840.246.8604x765,jonathonlane@gmail.com,medium,Doctor,E-25
Victoria,Robbins,2535 Douglas Unions Lake Laurenfort, NJ 06307,1991-05-20,(652)927-0464x5855,monica22@jordan-shaffer.com,intern,Nurse,E-624
Mark,Waters,8253 Lara Forges Jamesshire, MI 49186,1967-03-25,(428)944-3420x2684,barnesbrianna@henry.com,high,Doctor,E-966
Belinda,Hernandez,8268 Arellano Lock Apt. 634 North Sarahtown, MI 84931,1969-11-03,2822740325,angelaallen@gmail.com,high,Economic Manager,E-945
William,Cohen,397 Edward Crescent West Joshuaville, DC 58990,1977-07-01,625.478.9792,scottjohnson@yahoo.com,intern,Economic Manager,E-336
Lucia,Garcia,5765 Kevin Land Suite 120 Kimberlyton, KY 44128,1940-10-23,001-706-506-7210,mikemalone@martinez.com,intern,Doctor,E-358
Jesse,Diaz,207 George Roads Brianmouth, HI 78768,2017-02-03,097.756.9535x863,matthewsoscar@gmail.com,high,Nurse,E-321
Jamie,Hill,24198 Walsh Forest Apt. 798 Davidhaven, OH 91286,1994-10-15,473.316.4940x22926,robertwood@fisher-weeks.info,high,Receprionist,E-90
Melinda,Moore,5210 Delgado Club New Diana, OK 93173,2008-08-04,680-077-6452,harrisjames@yahoo.com,high,Nurse,E-75
Molly,Francis,90390 Miller Prairie New Timothyville, IN 97281,1974-10-03,(496)836-8409,bondsteven@gmail.com,intern,Doctor,E-302
Denise,Edwards,607 Douglas Mills New Ashleyburgh, MN 17451,1931-07-31,376-664-8725x87255,richardsonmichael@smith.info,high,Economic Manager,E-234
Timothy,Lolis,Unit 7171 Box 4893 DPO AA 36102,1979-10-02,835-799-5029,shannon59@henderson.com,intern,Doctor,E-570
Wanda,Johnson,864 Crystal Springs Suite 110 Hallview, MI 49882,2016-09-28,713-322-5352,nicholasschmidt@gmail.com,intern,Economic Manager,E-259
Joshua,Marrett,24912 White Trace Suite 722 Derrickmouth, NV 82428,2006-07-09,363-909-8133x0934,michaelcampbell@yahoo.com,intern,Doctor,E-329
Mary,Holt,357 Nicholas Ports Suite 584 Danielchester, LA 71717,1925-03-28,634-902-9512,jesse11@mercado.com,medium,Doctor,E-717
Lori,Ochoa,PSC 8309, Box 7349 APO AA 25499,1979-08-24,782-685-6668x76733,leslienguyen@harris.com,high,Economic Manager,E-821
